{"stats":{"minecraft:picked_up":{"minecraft:dirt":4},"minecraft:used":{"minecraft:dirt":9},"minecraft:mined":{"minecraft:grass":1,"minecraft:grass_block":4},"minecraft:custom":{"minecraft:jump":24,"minecraft:time_since_rest":3414,"minecraft:leave_game":1,"minecraft:crouch_one_cm":339,"minecraft:sprint_one_cm":5386,"minecraft:play_time":3414,"minecraft:walk_on_water_one_cm":373,"minecraft:time_since_death":3414,"minecraft:walk_one_cm":1693,"minecraft:sneak_time":52,"minecraft:total_world_time":3414,"minecraft:walk_under_water_one_cm":202,"minecraft:swim_one_cm":1285,"minecraft:fall_one_cm":480,"minecraft:fly_one_cm":84613}},"DataVersion":3465}