{"stats":{"minecraft:picked_up":{"minecraft:flint":1,"minecraft:wheat_seeds":1,"minecraft:dirt":19,"minecraft:gravel":1},"minecraft:used":{"minecraft:dirt":9,"minecraft:flint_and_steel":13,"minecraft:tnt":153},"minecraft:mined":{"minecraft:grass":1,"minecraft:grass_block":4},"minecraft:custom":{"minecraft:jump":84,"minecraft:time_since_rest":6980,"minecraft:leave_game":2,"minecraft:crouch_one_cm":339,"minecraft:play_time":6980,"minecraft:sprint_one_cm":9586,"minecraft:time_since_death":6980,"minecraft:walk_on_water_one_cm":373,"minecraft:walk_one_cm":8226,"minecraft:sneak_time":194,"minecraft:total_world_time":6980,"minecraft:walk_under_water_one_cm":202,"minecraft:swim_one_cm":1285,"minecraft:fall_one_cm":480,"minecraft:fly_one_cm":133942}},"DataVersion":3465}